email,twitter,verifying_key,signature,mnemonic
participant_0@email.com,participant_0,4qXcDXTiiSGZ7b9YJM1NtsSLpNJvhwRGNvs3tNMJMYJU,4nYsrGRLadWD4Rayd1uMKWCSx3Nuj4XL4oSGNKDCbPkDZ3wRX73LEWAyXifeYB1xvt1hLeazHsZMFRLA6GbqiMUt,grow holiday exact shallow wisdom lucky innocent tower jaguar zebra solar cargo
participant_1@email.com,participant_1,2MitdBthjz8E67F1Q8piMDUNWcBfJVL2UM16aoyAi9o1,414EGe9aQkpEk9zb3W6GLCXMtraXG6rRF6Grx2UDEdknp7prWj5iBcBrWGiGm7eJpY96oTzNVFoMfYYn6feBxT9s,unknown profit calm once lend deliver morning suspect swallow sure safe decrease
participant_2@email.com,participant_2,HgeqiapWgm2CoAKxdW51dZJvPjn6BPHzLf9FtRErNPZB,2ddwU6VvZLGgM5SvjZjjaCybUcpK4FPJNfwSZN4oMQnKuaiNKbnviVDyYWpuqrNHaxe7TxV3H11847Evov6Bkeqz,solid elite plastic grape term fetch blossom response have twenty buyer spike
participant_3@email.com,participant_3,3iY6iFdeY7MqWaJHToupmrsUYrzhunnGbkChTdRrRgBQ,2JZJWJFgVSp6zjbKmLrp8zz39aq5hVvfEgU1uhL6VJ8AP14dExcaqd8hsgCChZh4HSiBkjarF9heLoXmFR2R8phe,state inflict smart buyer unveil capital scene marble lounge mean disagree cry
participant_4@email.com,participant_4,FRGqfWpqXgBBmmjSQ1zdjfN2JQ76hEeWjPNk2535wdwj,3ngrfeEjzqbW3e3bFUSKfFpMDhzpyvHpAHgjYJkVGerHpdj4QrGpSH336YrtHV4h3EDSngiVMEBgb6AbSbCjzxNh,twenty much ozone deny slush parade undo ankle physical draw fashion round
participant_5@email.com,participant_5,BcaxhwF2kKhDoxe1uHKfU8WZJTiyeP1TU3QdzGLDPddo,5h32EWnEyPdifGAiXdvdDBDLCfAtjvQHxLAm2vytjpzf6JK5SuNKQYn3RRmcFnVUwwVixTgCtZqUehXYAmyZNfT1,scout help solar borrow obtain invite detail clown gym brand pulp invest
participant_6@email.com,participant_6,AofYVYUXxXcS59fShwHrRQLvEBStJqmscTppX9ELatUQ,42TLkDNFLmFjUkSZfr4Cr5bM7Az4i7zovuypaPR3gYv5ykeGvfmJvU7W7NgJmrR1WH2XLCyNCNKquVQsoURQbVVy,sort pair quit poem boss win response actor young rent castle ginger
participant_7@email.com,participant_7,GzG26UQosGoKpQngDcKAhg1yMfKDe1PtUtTLJqf5MpN5,5WArnEP9ag9AE3HPe3DxaRdkmHxvx2yjVZDApMp9oXx7CcBqhKeADjgL7VqZw4cmpcYztFeiDjrEbkzo48363pL2,fetch dilemma cotton entire copy file raccoon code kite picnic undo tattoo
participant_8@email.com,participant_8,DLGw99mUvWcDDixvSHKGRFXP6Noqj9JtCjD4bpZ9renC,D4PQ2Aqkjsd6pivSHFbWiYU5tjmibjF5MYNrehPf6By8yNkJDz2hyGQNhCjYLjcSqYJ6AvgpYi4W9oGDwiu3Azk,shy velvet stick half order draft sleep know range version fly myth
participant_9@email.com,participant_9,ABZPrayUygyqDgu8DCrorVfEofEnH1hSU1GYGhkdB8nR,4meScx6i3bgcTrXm1twBtzCp6Kikixgj9hjZ2eZ3m17R4WZzn3pUHTVCsjm359FT91H6Vhs6ZTFRYgiNki8H1tMw,actual before feed gun permit marine medal power panic century ladder appear
participant_10@email.com,participant_10,7c4p2te5CqfxHQay92LpNnL8SjjN2sqjCk92Kz9KZrq4,61CWheyR2czrpQTHeBJdUYNzJUbJXyfMk2UWdYZZLBk3sayLbYiSkWgXhSKEpb4fUHKJJCac9iFZbdRPNN4pYSTz,ramp pattern crack deliver tide curious obscure seven romance curve feature grace
participant_11@email.com,participant_11,4fbSsf6QaZ6opj5Lagmo296uefjxtgBwDA46f2S5dv76,4CWB8b6op2tmATfxBbHNML9EDdQHJGFxBRE4Aeo8WWHF5vX9EzSkaf7hUFrzu2Fben799BoPxdwDF57vuKh3gYTM,pistol collect cousin wide marine square shoulder enemy leaf recipe forget history
participant_12@email.com,participant_12,2DW4e6pyViKrAeJJVHbAgNwk5PuaNPTR54e8fZKBS2MC,4hFmp65ciHjnt8Xbo1W4J7KTrQoW7vFSCpeJv9g5auS9ZLBEYCYaTKc785jCFUXmM7i98gQTAqf2htTE1BqXjfN,quarter chat stadium fold obvious flame loan diamond rare trim like elephant
participant_13@email.com,participant_13,33fSn54Q31krhaxitttP3kyLLAU1w9VL7Ky6QF5xFjg8,5VJAL5zZqS39KwPA8GczmNev5SFkY5Ko6vefnncXMoJ4k7urLRCBeSGtAiAsTZQWBc3cQSmVJKsEVJMS2AWVhQgS,humble student mammal neglect include sun clay couch metal language fold enact
participant_14@email.com,participant_14,6ZcnugBCMyL8P3dEPvERNAF7H7vjq86n1aoUnN6E2uYE,2dnhPJFBsLux8jRxkjruZUvJ8PoASuCWLWdQutpY7syz7GymNbE8gRKvfJuHpz3cR3HLzquHGNkGrRnFdMuY3Rud,dragon boy salt fiction three cherry bring escape owner doll copper mercy
participant_15@email.com,participant_15,CXTj7L92Rgz3FHWQa6MNe78D1tZL7g5SqQTpBg46VtKb,2zxf1poFdeuSzQGewF8DsXSqN1NGypZrAXrKGe8EKN91ptQSEgpQs2AgSpUeHoQ8gcSQRwuLawdohQTXWZ9hHSPD,please diamond fitness lunar also scissors ocean review special accident lobster flip
participant_16@email.com,participant_16,7iUqhx5zmG4S8ncfVWB1uLPBTvwxYGHCUU5X4XyoLNLe,wH5wEy9SukNa9NAxRnUWHwoLw8s7ryLPCE27seE4RCZT4daybFt7Kr2ffz6fp4D1VsuaEhM8JyU6Kek8AfU96z1,drill differ trumpet fine daring frame garbage divorce thumb violin staff digital
participant_17@email.com,participant_17,3RqeUAXFcKQ2mSZPJNRjVvb8j4u7GJqNFsKpfRmbdZaW,3mcbPEB5gVsbDTNtZP882odGedsgke9c4k3M4iRM8Vcp5BmN4k5S7BwLktT9DYpFf8Zt5Cp28a6AaYqfkGrNYoVp,brisk false deny earn kiwi beyond perfect cricket early purchase digital either
participant_18@email.com,participant_18,FMidfEM7e7tKvugbzHTQhoJdV2gd44eD4d9UM19oy53N,52c8AMvqK6Nvumr3bnVDDCiTQy6Di8BFm2pDjvMe79JRQCZpSTuGXYCUV4fD54pFJrGqKfknfQZ1bSZqk9kw5gAW,fade month thought goat east arrest prosper record gold mind finger rabbit
participant_19@email.com,participant_19,DZaVZ4nMeqgPNeQPbGknHnBkFV5bf4QjF1iyxFgghMAC,3otEfdi5TkWaHf33vsU246suCGPXEifP9eEUurH6tUhDYgfvP5QT1vkDmXx7JiSm6M2924pdv4wFevTkFdFqRLbb,like kick wood tonight puzzle junior resource taxi force card argue north
participant_20@email.com,participant_20,FTjky92AmfvLu5jfuRgQZkh2Lj8P8hEpdZbGKx5195cN,4dawVBe7WARecN3oSAJr7wFj6aSPncyXHGqBtc48GwPpJdFA3EyynnxzpxusbkiXQs9SaSusrqfriodSF71JeaEZ,symbol interest priority kit absent juice deposit amazing garage palace cinnamon during
participant_21@email.com,participant_21,2wJDuL6g7qj3hRpUNeePJQ6N7EKJHSwJ5m8QZ2pb3Vyj,3kqdrE6RtpfNpL8NfqH3gU5cQKFieh8zfuhDodtb42NVc5cJnKpUajGRGTtWaZGiREXKWgbefPSGirD4D9jTANN5,naive rhythm bus bronze lesson swallow salon damage axis flavor shed vintage
participant_22@email.com,participant_22,2SiZVd1FKvPKGPK3G4FgZHg9mMKpnBk7omqAYZDJsqqx,5EX2LKNCGv3oK1SXS8Agq6GiuhV61WY9xKLrzVyGYuSKsmZzMAj8G2dcExL3xBvMzHNxQbzo35FeDapGnpXVwYC2,color office cradle aim tank answer melt stove attend ethics leave upon
participant_23@email.com,participant_23,BtyBsuNTsUCNBw3zx7qSL1Bvq1ZmkN4UkSDfK1bUfSsV,4JSD8dcV5mPq1WP4wDbanXZVBNtb5VmjjN1f7WbnhG6FyLYMvCaZP7vJ2iPTeKvq92o5QZ27iYdF4oVL8b3rdjdD,dish burst join clinic stable festival noodle total young armor exist emotion
participant_24@email.com,participant_24,552xUiQUAicJgqFKRWZavgNem8csVGeNo4z5nHtCvRKA,2P4KUZkbXR1nnQAyijNK3ba6uMePvmiDB1Smy3jUiN3uont6oUuoFMNYi5kxf77sm4iz6oMut4A8PExodxx1Qaat,fruit subway yard trust midnight dad color bitter limb civil obscure main
participant_25@email.com,participant_25,7j27cbtwEFjDoeS8EpY3jHVTyTSzMxKhkk1dxshNUrHk,635TcSPXxrvG36FrNiXyCBDpYMMKXjh3YL6DXjqQVuqkHFGVZ7r7wsoLEQGX4AT25XDbp43crJevwjDfhoEAsaVK,sound fork punch next armor nice thing market sand pink wrestle sure
participant_26@email.com,participant_26,8N2DuosbnR2DKLYcyPVd3HPQJ9keKfMC7qMkGXDZojzP,cWMrQyCcFs6cyUcoKdAYfjfPGLtKu33qEhLRFrpDEXNMEJnWA2LqcX7HGJXfm6E3iMhnJbh2GtA4yaNWM7yDR9z,mirror bright post brown top south prefer oyster lawsuit alone empower obtain
participant_27@email.com,participant_27,ER77XsFWu1cqqqYHiWZAH6op5pAK1v9qSCT2xUtvcd3V,4Jnq8uEEM3w4CTY5vqV9kv66DrqmctVuHXgGbbyFRoJduk4TaK4X1GxT61kKHgC5vsSE5SxwdPYwYA6kpEFtLsV8,select swift adjust celery swarm stamp orange barrel tell draft blossom cheap
participant_28@email.com,participant_28,cnZFzAT9tgW2R9sHuyh3cDij9VW6NkSAGZX2727Hb4c,5rXavzEuqgYfmNVhkx4QbRYxCw6LEbwKgW8azRsUYvqZ6Xw7G6Cy5wLZaz6ce4hEkGTx34boYbru8GFVvM43bpjJ,vanish shed antique recall laptop cushion disagree south car slam jealous bacon
participant_29@email.com,participant_29,6nbfUiAgDJahC6YCPigSCvo8WVAtBHg1V9jCarW9cbNW,4H2kPbNfRKo7qw7uyPnRqXovi5Mosa97HHoNsXYRZGxWqrxTSrjKEJePCveR792xLdUg1v1zfNwUGvwZkrLKvGuc,confirm cabin prevent equip another walnut thing heart glove dignity happy injury
participant_30@email.com,participant_30,Grk9DsTXsq8tYuHoV3wAATZYxiYfgftqFKKms2VGL37c,zqS3uk15CFFzvq2sKUqChET3bk1GFjdHsnkiNTRNxPL8m11KAGUurduCh6b9KMNywvCZ7ppvgtni45ux3xoKQbE,odor test slim cage exercise shoot garment beach summer alarm message risk
participant_31@email.com,participant_31,FCpKczdPPn1vvaZUypyvm9avRDjbeH9DB5RbDttFc27L,3KSdYutdrDp6JEktEpfTx2ke8GiJdfVKN614rW2xf4FeW5a153K22HiiKA8M2y1GgYp8JXipMUfrTFWBfqBwbsv8,enforce mother arctic federal ordinary thing parent chuckle family blouse office rabbit
participant_32@email.com,participant_32,6H9rempjvtkMcwM4PHz4th9XxMWABJiycxG8R94Hoyzt,24KAjpRkxCHRem53GH3ZthM75vC2ZyHCC2VBRC9BFrQUJgTERXZjeLb4YLbCfPkmmPqrnohseStKjqv7NxjEsTFD,napkin grunt custom scissors disease seven cliff vacuum daughter panic fluid price
participant_33@email.com,participant_33,7yvHuG2WTGat9rFkbNno6TQUDKPJk8wByg3EstH6zeeu,4tQjr1QkbPwc8Ug5rZ86bwrPK92wjWEyGVhPLrtuWK3SdhSyEqbYKr2cqSkmFqdgNV7ffH1b8fznK6HqFMZvzeMJ,exile symbol boil close obey alert sword plunge liar breeze provide output
participant_34@email.com,participant_34,6j6asXEBNMwKuZ3y16LyjkHtgWD8uW94NqfRY9EA7fE1,4bWGxUTCgEYxaRiB4UYXsxw9sEYChtTfRoE2mL46uHnyAVYMvfvdSV9sjvDBRxmpkAZTyEyRaMgrLF9zvA284f2s,axis easily extend notice rough embark shy bundle neglect small roast heart
participant_35@email.com,participant_35,F5Ber9qa38DDCjAbGrZ9qMDdg6Y4mQTrJZiRqLFEGsCa,nvMNZtK2KXsz7RiuTYCCacdBzoG15QvdJwjfdRoyiRyoRV9DXRqe7K6xGtABt56fN3VLu4xXTq3JJKLhKUag22b,crop hand ecology truly unaware benefit glance that index glue often color
participant_36@email.com,participant_36,G3yX9ypPZTxri1PhzzwGVFyQBzqxuWHp3XS5t2JetxNZ,5qGEXa1J1411CuS8GGcBJeXEDyb5S8oGtNNMps2F9hu3jZstycdqxebe7F2zLxyZJfZvqA33MRNs8c5Lw6CTPUv5,boil abuse much kite where desk cram junior fault child annual view
participant_37@email.com,participant_37,ChsusKSbaXqfojMEUmXP71GHBVjvkgzX4waveaUhfstk,3jtpGY7PNUNnXdpJFfoKTZCZZBF3Rs1jfkL81rYSirgn4nxwhdcBsBxSVo7GXQw8VnMfS1H846YdHRGBRkSdc5e,acoustic devote assault social artefact universe off culture nothing local uniform border
participant_38@email.com,participant_38,5nPBR32gaWhxWBYuzKsKfME1KrpmY96boEtGbgYe5Axq,3gzF1TJBAHquyQ9hEMyDZH7RmqwfTQb3LCL8pgqFoyRVpZ3ZYv8ik1pzmc4Xyc46SD3wzP61ToWZ2UUSZGZRBe16,verify story connect quick arrow wood ahead danger orient aspect bread addict
participant_39@email.com,participant_39,Fct4CCmxbFe6QrkVyFAMseu4K1k7b82c93RVLx2EKFY8,49MHcCopr8mazF49kEwRX6t1Rtxsotu3F4Q2SS73VawfLvzUH64L7PdsFEn4pn1rWvRd3NsL3fiipAYmry68xj7W,prefer electric desert found entire sadness idle hockey tenant immense face acid
participant_40@email.com,participant_40,3mi28NAGeCAsrL658MTR6vTrUyTQW25ppgny6RyUAYMA,3sBMPL7mMwDY3QQfbbGNKGmVHpBjjjLGuGFRtUyTnPZxN1ntmnToDJcmbo7U1gPxTocAWrs9xD6ho7b2ZiXnTNKU,brave noodle security voyage solid soccer nerve garage pelican limb will uniform
participant_41@email.com,participant_41,FigizzBmyrQguM4bfmWVzwGWA2ZNC8oCFeZTGzrikrdH,5A5HPXERYxDnMfQASduHeGD9ntJL414LNPTgnGtugCFEbJHNkQUtDPm6tLqFFwCb5vDbwKKJTM19wkEcTfEdf6aE,smart snap survey catalog shoe arctic knife pottery old admit trumpet hundred
participant_42@email.com,participant_42,4ZT2Nf2sbU1p6m9Xqcp8vHZDyisvj6EK1YfhgbP8qkiG,Ja9EGAPiyv2Ha7ygVLyxmzJSgywaUNYaoibCfM61QbbFwYxeaPHqGq62Kidn8Jus7owqgDsXtEmTCBS93zXME1R,field style teach keen federal boss glove mammal mobile cactus dial tumble
participant_43@email.com,participant_43,J3RNc6qhScDYeVoyvo8z6Lt4kghofiMRx7oTzFSHJgnn,QRrgXxboCKtiJRFank8kuM88AttY6xHowyGnS9KTGqM8VQJFv4a3nKv3UgTRNGHFSBPQRNH1eGfiqYFfM3UCehQ,cry board million sad metal cage ribbon staff question pitch runway gap
participant_44@email.com,participant_44,DGvkKeNLpgfKzLMFqXELXpSBNYK9zDWGbnAYrzpfwfur,539yWCQrxuwgMGqfobjyz2qHbYxsYQ4w3cuR3W9UgTDLS14hzRHHtZzFrJXRHfj32oaMEC1fC2UdSVap4sdBXRbV,chalk exercise thing multiply flame thank jar arrange clown appear super final
participant_45@email.com,participant_45,7ZZ8x2QuCxP7po7hKxs7DXNESNz8nHTLsFNzjFGrwWPz,5aMsuhATdaZc4UCSQHgs2JGaRN5GRS4wh5WDEjbLkrSpKVzQ3A7eqtHFQD1X6W2JwgNy4FLTCSiXi14Y3bZExrdG,knock hobby jealous pill extra pencil base bottom dose miracle scrub ahead
participant_46@email.com,participant_46,9T1gR6Crap6HixuZSHMCHcLT4HXjTqp8ZFu6rAgJcgEi,4LJEKipKzHNdB648iPD8idGsVZTLq8PeRkoXMmspSb2Pux4vgY3Dk9DLxrrfC6EeEaXY2DyFzW818mmu4mmkWdyJ,woman garden diet run alert record loop welcome soft rain blossom alone
participant_47@email.com,participant_47,6h3mYLMrbTSQpStV3VT2GpDUV8dEKE97z3eR4ATymE5i,2arG1gtH57ESMrjd1ETZf9VN8T8uKFr4JZJuXvA2CVssiWc3yiFizJVEvhkgd5d98KU8qfeBMhow1mCsC9dNfG8N,almost grant dumb dance leg forum truly cream urban next brave lock
participant_48@email.com,participant_48,A1AKJBuno8p5ENqQYZ5jP4WcoUG9iCgymU3FKbhGhdf4,5bvWrkNZRCboW7MsSiybzrCDeAFcfJPAExp1EH4d4VFLvHgraDWx6YCj7wxWkN3SsecmdJ3w5Z588CnYGqZ1svw6,picnic gorilla pencil proud mammal coyote cousin salad express silver equip cliff
participant_49@email.com,participant_49,4kWVaxvYt1AcujyNJthM6aLKThwLXr3TRm7kW41oBLaW,4JBMda2YnGboFemEEwZH28TYUzQseMKKLAz65mYUbv6pn1Zu1Jk6nNvzHFZQZCjDCqUxxmPys4nv43KT7iJXpbmv,science humble virus book woman naive holiday bring wheat finish anchor warrior
participant_50@email.com,participant_50,4JLT3d9drf446WmXGAekdFGkteVJHKYCfsmgbWFBkpS2,46M4shij1xcR1gnb9wDynaTgJZ3VqtN8JzQqxpntMvxniiBnicpmb8Gsyr679Dy8QmEAVEQYfJfxY1EgyXe6XTpY,surface repeat hair oven ahead town lumber water hungry ahead urge peace
participant_51@email.com,participant_51,B957GCXgk9RScqRhKhN6KxMqEfrsERHJdeqddHMF2sKP,56SVyvRgiRL2fcDGmcCCezJo2kEcq8gsd4bYo3eH4BEBQbXaFDRH47Dij5vdtb9v7sTDhHkKSrYnEa39vqdoRe1t,west equip promote suit quick album drink obey opera dog helmet have
participant_52@email.com,participant_52,6uuhKjLv3oEUg6at1KGCocX8vy1S9iBdKgfauA44eNmC,31ijW1X7tbR6i1SMrkhjBjhCKQe6NKzG4d9fpNJuZtSp1fKFJC9peZgatuYyGH3bAUB6XrfSvgYRTwnT1S1BZ7Fj,moral solar swing creek square consider mosquito banana gorilla discover staff choose
participant_53@email.com,participant_53,ATMioa8Vm7K2vmtxTA1Jg82S7iysqrzfPcpWJ9pMaib1,mUU7WVvDrPR7JRwFMYAyZAJ31Tb92QjGVf4BJm12KTj9oynV9nHUmJYuboSwegkuCHsMY7ufKWGWVBS5bnwRC8c,custom place hybrid company rare coffee law cream hip stereo action gain
participant_54@email.com,participant_54,EKPh7pPC5fEBsi67joVs5t95pxxCTeHwVDF5cU6Moss2,3JoQ6A53GrynUWLTPUr22jmgw3NVCy22y6TB1ygzZBFxtzxoYQf7GYR8FeHnqH7Mp93FZrUjFqJVRxUZH63cFRk6,donor phone jump suggest trumpet grow arctic mistake legend surprise copper current
participant_55@email.com,participant_55,892gwvg14bifjGSDvcggAaSkGfDXJkbuWL13fRCXMPiB,3LVkYAWnaqvPcUgdqo7kY89VKGvYTNVaTFX8qRtNf2cFjjZ2qEGtqMGY5htC9NkN5Kiq6jyQGn9Qdbj3MumBq1sJ,toe frost noble delay cave coin super album plug unique frequent prison
participant_56@email.com,participant_56,HF4Cpv5AsbdKZ2CDnN7twXV82hERnL6xsfmQUK7nbUqE,3CYwy4bAQM8CySjjPE1Q9GcN31FP5At42rrLcentKH6Z76HnhnaKM1b5kkQehJDQtRk1p3mXfERzXZYaCFbZBDeY,carry moon unveil road save program bounce drop access always frame party
participant_57@email.com,participant_57,9UGCQV1eEovLq1rJDkuBRAHaP3FQCN9rkWDpfnsAJmH6,28j5KQv37zPgTutgVroD86So1h27125ztsd93o4cwLWjeUwSJQ4pV6zeSSgQX3pLJig46Yyjtg7gqxnhVT9jbnhn,grit envelope end chief jar room candy tackle cannon miss topple prefer
participant_58@email.com,participant_58,9PQGhhGXLHwbkVr9eGE9HzY8pFbbGXGZafCcZZuZMaAK,2KvtdgzM5UrhycPZD9pHiZkKzoycEXBfKWHr5azMjTBwT37sDgRSiX7a5ieq5s1ju3rftt5f5ikthQQCrShwbaJK,ahead useless thunder trophy cannon tide two month patrol position educate year
participant_59@email.com,participant_59,BR8TSyyPMsy6KyHnW4Hy4CyyRzn1K1QrQTWpGNGiPNtK,KVRnn2y1R6Kzi9F8cfcfovcaZaJRbWqSo82LARFqNTAtjWoZibhsVsMT4GQ7nVFbrtoE1tPUbXX4xhAM7NfQree,churn glare barely force video square siren friend become sibling give arch
participant_60@email.com,participant_60,9G6WESdGfYhQBJvr3CTGyAc8NVAKi7NYe7D92nZRGP5K,4XZHfxSr9ErNXPNWoY4TwMkLSrkta8Ea6yuu8bpxXs8sSC29kpFRdMyWm296eE7C1rxWNk3tQPBjc99NMuQyQJPk,search match innocent empty allow harbor blouse cash forward journey boring ethics
participant_61@email.com,participant_61,8tDC5tSRf3kC98FDEz1fQvCmaZ71Vo4vNdutx3FJVEE7,2MWsSNsqfQrE4UyTJ4Z9T1qQzJTMw62cnE92nMfapg8XP5wvNwvvc6cFQUNU4uB2Jo5mzAjbeBqC8cXGNQ2Pmwdn,flat idea sunset valve spare iron plunge mammal educate reflect surprise fancy
participant_62@email.com,participant_62,3q3Yh888aTx6rMYzHBFkcaaJRvwii4nqBT91ujszU8FB,61zdk2C4kdb3bCWCP2ta6C192WTgE89ADT2y5BCnA3rSVo4So2vuqeoi21uy4Qvp7MYVGu6Jqbsuyg7UDHfkpu9,super champion peanut owner drum modify method unfair shine credit cattle purse
participant_63@email.com,participant_63,LNGym97v3LrMVQHjSggdbMJ5KKmPEdsdtMGqFL8yhtn,49v3KqXzFPWhS9L3PeCZ2wcy5wi7ZGsL1j7aX26YgU3Lhzvzpp3t3G9Pj3iKM5GSum1GZKqtkaCDULZCa366k9pT,vehicle client gadget normal universe reject strong lens control again stand february
participant_64@email.com,participant_64,Att6hsxLhsFZz7Scrx5d3rmSGdi2V9iSvPuMbf7t6mJK,4JXhd9MRs6zqvq2tVV9ayqcBLgCxD74ony3cqohXGzGzBTzZJSNGybVJUgMeDJSsPsB2cdzmvKvZu8quVpWyBCGb,voice medal cement embrace expose hold tornado escape predict dress rescue season
participant_65@email.com,participant_65,8wJppShyLrqoLzDsdybgggDG4DkHHQ83LhVSTvVrZMBb,33MLF9qwtixx4Wtb2zoff4X5D9vGveCw5FLuivt7nPwM4RVCBgc9UQZz1F38LMUJASw9ztxniTSP7EfMKz2aAXo9,tell begin heart sketch focus confirm kingdom celery seat upgrade soap kingdom
participant_66@email.com,participant_66,ABamNFqoUpvu3MBhBKa88YW8ooQEtHUFES9zQNduSPG9,uQdCKfDQX2hYuPBMDKNE5SiGNCE2eL2VHLRR9HHaL8pjfaQbJYh4WFek9mgWhmy5BQSxkTay3VTh7prCXm37Lfk,clay plunge town unique divert group cross human retreat install edit height
participant_67@email.com,participant_67,3Ji1WNQbqqvtpB4yRYCNyy6zgVcRs8x9GVJv9NNZ5iCQ,4eFAkyPzyo1M9h2C5bZSXqbtLPMAsYuQHvscatHMV46YxydcQPagctxLEhfHdvJKMVbJwCLJtNuzqb6Rm13v5711,dove lizard weapon inside equal dismiss unable uncle lawn unfair confirm echo
participant_68@email.com,participant_68,5MR3rXZ1CDPXGsCcYtuLqTFFhKNMecgCZcAwUBsyzW8v,5QYG71ZCxEgmrVpjS6sDkRonNZ5G8GdRNTtNj3BLnsv4nsNyeKRvSpFpikr6yWi1wwwdpVbUvVZfSqhTdR1cGvPA,awkward mystery number action remind exist type citizen rescue nephew weird lawsuit
participant_69@email.com,participant_69,BwzhBfGSXcMs5pfZABXpJQoh6LBKnMTvqZVgkWVwdhMn,2bFyxeAHt6qrE6k61zfFDkdmBAZHvfd9YtLBHNALDaGpEhYHyk3Q9f9HeJ47bEpZrbivVwTs2LbNu7URCnARcTqo,sorry crater setup control together fabric bitter kangaroo label affair brick pledge
participant_70@email.com,participant_70,HaxwcxBZrVTkvKMwRf2NmjoJxCZRhCrU5mpMo2pQobKK,3m4M4Wrj1FAtX2wJAYJJFhFbnbkkT48ngRpLsn7YjeKEa8X2sW3u4oeyXusA7N8qjbsHG27x8XmDRv5sdBQBiS3b,width happy minute build spring main rug cost indicate doll smooth easily
participant_71@email.com,participant_71,8yoWXsqAq5xA4BDtmLW2LtZkxHRzArGMyXFBmBoa2fc,3zC25ythfejyc45JikuXYWeJDo92zXfjZEtWvG7ar17jXGV695z9YADvWHRYcxXWUkpijMk3jdPn1sxy2SweVe3m,under ten brave light few clock coconut never garment access length early
participant_72@email.com,participant_72,8DXGYmXfWoW6XLWGCDrJQM4EXLbZFzu3aHjg3EhnoLSV,3GkxddePwk7qSXWdbAVcwFJtrm5HqGoZZorGWuqXkLjcXVvN6Nk3QTeQZEip7wxwqcEgPzRf4pbWeRdm8E6w5inq,sweet film unknown width nerve spoon box lady wasp news nephew oven
participant_73@email.com,participant_73,J8tHWrvmLgfWjECciBvRKuh6LJzJzvDuuipCgs27Nbnm,jC1e9FgrR7mxaiA76DFbg2WGMBtTP1ZBhqVrSzAv7nvyYFYhUXTZtQymuGDHLaYewmjrJUKhYbpmyDZ9Xr1heoF,guess winter three work light grass diet story note hire mosquito helmet
participant_74@email.com,participant_74,64zEoFiXrud33ETXhbEVfJsSwtSfT4H3hfDy7KLrQEHs,2gsT7TG3fsvjsDxf5McbKwtaUc2XZSxj22WoyceNPdJikAo38CEAENEzFArjCvnVGHWQDhrWfHgdSwbjBZKSJUD7,hero girl enact economy deputy enjoy uniform burden office pilot finish smart
participant_75@email.com,participant_75,GUYBC3pB1u4vjeFLNTAbEb1FoRhxiA95NCYNVX8Gorzn,Y9JMc6ndzjvBRzA3yFRSwSGVNxAm7b4AFDpvgC4butaz7c9VyckNrS8vKfRSyNXPWref59DMXsUv69gV2zHENUB,intact river above mammal exchange buffalo open battle useless bounce over marriage
participant_76@email.com,participant_76,8nQLwAvT5EFoKUrJosTyBAmbLvRp2HMrJaLD5eBakdKe,4yyenBM5xWvEJ16F62w1rVHxf9A3xtJTsTCemVUsmgXr1DEJeFyVG41xwV6CxirgnggFcQjSdTYQjuyZrBb4Tag8,whale prison erase utility avocado discover symptom silly kit tone leave relax
participant_77@email.com,participant_77,F5WzQbPN2cz59xCfM79jbzp8jUqTqf8JsZ4RHeCAw9o8,3M5iKwcE7om7Q8f6mFbw2kDRsXC5oJ2BcwZAecgmQjnXM74ftcGs9Gnun9ikRY163GsK2AP7ynvMqAse9CrhXAd8,just common wage cross chest drink symptom basic scheme cool what voyage
participant_78@email.com,participant_78,2gDkbqujjAgxxLKmqgr2ZV8aWvkc3KhhgDk1Js8XJntd,39EbXTKSVXQ7v59zhP2DvMpw8cruZeeSaWoJz28s6EPYwxSzxhuGh6FM7BxBXASrbbZcKBHCo6Ls8vs8NQjUAYTk,ankle pony roof blush display place club collect success buzz already island
participant_79@email.com,participant_79,DDVu4d6LeXzboRRRj7sqZEAYAAeuBuvFBjeGGDHkRXyV,3G6Dp8RRH4HftuyMMG1E2hcKtryVp3E8TdnfBwEgUZpXfbbyTBKYyeF8aUoeCWV83XVKLcNGRp1SxfSbbqdj9gve,spin skull autumn west mail reduce actress virus layer add mushroom fiber
participant_80@email.com,participant_80,4eCxmrse21W2TminDG17X3Hf2zbm7tREAdx5hXyyjM47,3muyPcujazmzJEy1qYQinPaCLyHwvtf5KkUH8D6HrbKfgiSDUuKU9jPjtET4LqHzkS3zc2CtbQ6PaQYZPV3DYQge,town concert gadget object sibling priority post anxiety describe benefit choose simple
participant_81@email.com,participant_81,FpKxD7NdVoavp8ryApeEUkZG5bX11kwS5ZPYLwWg4rXP,5rgFLimLqz4BwHmvKJdSHVeBR8sYf4FB86nX161hXWDxJDqpaLQkmWNaFdDo9GrjjoBCnmTemsdqhSbZnEDpqi7q,quit skill stool there gospel wise produce raven boost involve finish buyer
participant_82@email.com,participant_82,76b7bpUQCMscsHGM3XXDryZzDJvRJ5TPSuRPoU3i1Ji,3qdEzLbacgGPaG9MWWWp24dXsYYpAGYHkJMjDmnE53C38pCHo8ZVrbPcD2sp1MTs3L3ddBHr8s3gw7aCaQyq95qU,heavy oyster photo brave assault race fee gesture oxygen voice ride doll
participant_83@email.com,participant_83,C1HrG79uzXcB1ysyacJ3UxGKrMCmKaiKK9XeP9R3RsR8,3dTEUfSBYPnWyzxv3cvi7QTPq2DvjZyJ1pn8w2pbv5QykmMGJUCvA2AWbWZBXF2Q5LhSpeh294GHajzxnemWXb7c,like hold other female wash wheat february desk nominee anger elbow apart
participant_84@email.com,participant_84,AA7vF1Ps4akkjWJEQYJxvrc4YUV5NggpZ2i3iWWpmotM,48g2bFj4hHh9etxzY86Hyg5tsf4iLVfBf1pMHqnAka8ttHHwCfYm8fJNCGcMR7r2AkRZsL8VmpyHbVdKqXYACTw4,divert champion impact grunt food boat fiction rigid balance loyal history taxi
participant_85@email.com,participant_85,EriQrehBNVS3Frfx2a9kXPHzbo3V3XDWH1UNvqiQsB3r,2z7yzGxeRkZuL4ydp6dtcFe1VRqdG4Kzoq6shbXQaDzprzP2XxmRknrQUE8GNTPYEw2dGGq1dY1MBcVymcnBrUvP,airport rally typical random enroll little scheme harsh love basic phone thing
participant_86@email.com,participant_86,4LLykiCQ29WWxYVUJZaUMfMTLTpuX8gGc3mymxKeWMWJ,36iJ3V3JL1pSnsbdBsZH3yp861kEuL4Pw39xYSwgb8YM4hcHXKuW7kugFUJ1HLmYj49ghmQjAqu1jMKoibuDpevv,enforce exact gun execute appear please devote code nation ask list extra
participant_87@email.com,participant_87,Av7fzmzJ1T3JvGCxpej2ev562WkLSKWWR5Yg8Lgqycnp,2AsryXPPmNkkPSYUK9Jn9e6ciw3Y5dPJ5LY2jEi9ttyfbmG8sF91R6K8FzdBsgpnCMgcgQSpD8H79qJTHQ8SZ2Ah,sphere scrub already bulk glue bird better alpha actual nose smart material
participant_88@email.com,participant_88,HUoxf8ig3EygL1Qd7nHD4mkjrumiKJky7Uv28DuoxZgv,5twoapecYywHBtVA1TFVVuDNfHApRwg6g2Hry2MjhfU2ZezByyeSe2ZTwqgh37RVnZMCb4bTEbFpiNzvGNNq2W9T,mechanic liar empty venture expand produce educate lens occur street tornado flock
participant_89@email.com,participant_89,FBDbmQJU5HMEVifj3YgztT5urMBi6fLyTUdXmQW5dcLC,4Roeyw2Nid7kcJNJoCWc5ysVxU1PeVD4H1UH8YVjRTGHg1eurrLZ6X2XaiWH6j8WGbE4tgyYssgAgrCT1VJAw2Kn,remind mosquito tonight wave original brief stable neutral office scare shine pause
participant_90@email.com,participant_90,FifwLUMsU9sNjZKkXZthLFiaqVqzTEexgtgBHk6uWy5w,2fbF1ExiF2BuvWoMUgTQwr9q2mwF4iPUeN15hswfUBv3ahbegrBzdkLQtmyor6ahyUfardAztuQsAYvgNt2ijDwP,process giant infant salon solar sting wrap fine choose cause weird march
participant_91@email.com,participant_91,EiFu6aEZJ91JTm9kpfcfv1YVa2X5SjfkPfxR935zkbgQ,5yrjGko9MwwArpt1daPy7qKNaSbyLftsTXrhDokzuJ3BNKAPFSGY5iY9BBWCLjJzKQK5mdo5mrY2ZbJwc6F3wxdH,saddle hero match parent tank very radio wheel truck invest caught empower
participant_92@email.com,participant_92,8LCPydTdhLSE9Qt8eK5h2RazSMnrAMBMLpVm2uaSSuq3,BGRnuHYcmmvxi2dFQsbozA4U2p5v25j8pH2VwzNu4U3crLgs5MwMF6VGYkzpFLc6srqw6CQD9x6rFFoAUMZrrD3,gate pink click rescue mammal genre shell know label monster banana panel
participant_93@email.com,participant_93,Dk8SBXfqYUcvm7UK9q1yxisp5iSLfWLTQsTocWMJDTHJ,5zCtwn85hC4DamQjvmJaTtM4ZftPvWQZoD7fHLaQJbsfLSeQ9aRLAD15VJNxyp3Fnc6uKqiSF71C8QDVzLFHQ2FW,flee fade together deer daughter firm attend school suspect blood board card
participant_94@email.com,participant_94,BKWzMAHv4XJmqS2enA83A1rWcM9pRavoymt37PKpQKs2,3VaBBnxWdqnpgCnVuebjgAx5mxkeVBftrKuGVT56gJQ5cEBfd8dujATy63LUwfTGVvQHUpQdcgzNhYXGjVottgWG,uncle race fine collect educate develop gym pear turtle buddy way cloud
participant_95@email.com,participant_95,2siB3zV4ap6Cu9E5Cm2Hj1rUfpWx4HrT66S3eGvZorBx,Sj8tvkqred66sy3399uNaARZ3V8yjAYsd51Tq1fK5BEDXsxQD8owK9JCUVr9chSdULft8norwdpGSn4fbbg7ZZp,dinosaur harvest oblige pen obtain this option host embody future enroll loop
participant_96@email.com,participant_96,J7ht49ygZxUPTufaEW19F4Vtb3SMhSy1VxKYDbyGtubz,ppv9Mqi5EkauA5P5s715V11nqwC7TdMw61HqnQMMM9brWedWC4JuhiaUx43GVB5y11Kh8Kn2z6swVYxe6KLjthJ,matter noodle guilt stage together coach witness casino salt law beach music
participant_97@email.com,participant_97,2G2yNsk2XR6SVBjGkK8uQuzzwo1pg4TGWCBFBc7FQhe5,3AmWpRRDMaghsik1xyVFwNGv7cHg6Ko9hMpRGb2BoCYWBmjaPTyfGodr84oHV6aJ2HhKBCeunQTYnvA7HP4dfxjv,cigar grocery army betray lava sauce match phrase axis fatigue rough table
participant_98@email.com,participant_98,7P1TxWniMVa2Nb14whPZU2REXkXAsqbvFzyHNsXdWu7V,47DNRTCf2m4uE1dTwNpVXWf7giyyHfN1Dqogiz1vT3rvY8VcgsVV8U2Rs9UbskA5k7KaEw96gBcJWc18QhzS9iL4,session excess tragic patrol idle benefit luxury wine session worth begin mutual
participant_99@email.com,participant_99,5b4gV17YBqSLrvXoNYYPrthz8wtC4aeJWDyfHJ9ZMHCT,4hwJ1UJF21K5aY9iVPMTRBREwtLV6Njapyj9MH8HfKmVkrpNgd4vrSQpUdwPxgd5R7ArCDPxPQJwYxMjRYcVffFt,lobster tail park limb senior labor sister smoke uphold verify collect sphere
