twitter,email,priority,verifying_key,signature
participant_0,participant_0@email.com,normal,4qXcDXTiiSGZ7b9YJM1NtsSLpNJvhwRGNvs3tNMJMYJU,4nYsrGRLadWD4Rayd1uMKWCSx3Nuj4XL4oSGNKDCbPkDZ3wRX73LEWAyXifeYB1xvt1hLeazHsZMFRLA6GbqiMUt
participant_1,participant_1@email.com,normal,2MitdBthjz8E67F1Q8piMDUNWcBfJVL2UM16aoyAi9o1,414EGe9aQkpEk9zb3W6GLCXMtraXG6rRF6Grx2UDEdknp7prWj5iBcBrWGiGm7eJpY96oTzNVFoMfYYn6feBxT9s
participant_2,participant_2@email.com,normal,HgeqiapWgm2CoAKxdW51dZJvPjn6BPHzLf9FtRErNPZB,2ddwU6VvZLGgM5SvjZjjaCybUcpK4FPJNfwSZN4oMQnKuaiNKbnviVDyYWpuqrNHaxe7TxV3H11847Evov6Bkeqz
participant_3,participant_3@email.com,normal,3iY6iFdeY7MqWaJHToupmrsUYrzhunnGbkChTdRrRgBQ,2JZJWJFgVSp6zjbKmLrp8zz39aq5hVvfEgU1uhL6VJ8AP14dExcaqd8hsgCChZh4HSiBkjarF9heLoXmFR2R8phe
participant_4,participant_4@email.com,normal,FRGqfWpqXgBBmmjSQ1zdjfN2JQ76hEeWjPNk2535wdwj,3ngrfeEjzqbW3e3bFUSKfFpMDhzpyvHpAHgjYJkVGerHpdj4QrGpSH336YrtHV4h3EDSngiVMEBgb6AbSbCjzxNh
participant_5,participant_5@email.com,normal,BcaxhwF2kKhDoxe1uHKfU8WZJTiyeP1TU3QdzGLDPddo,5h32EWnEyPdifGAiXdvdDBDLCfAtjvQHxLAm2vytjpzf6JK5SuNKQYn3RRmcFnVUwwVixTgCtZqUehXYAmyZNfT1
participant_6,participant_6@email.com,normal,AofYVYUXxXcS59fShwHrRQLvEBStJqmscTppX9ELatUQ,42TLkDNFLmFjUkSZfr4Cr5bM7Az4i7zovuypaPR3gYv5ykeGvfmJvU7W7NgJmrR1WH2XLCyNCNKquVQsoURQbVVy
participant_7,participant_7@email.com,normal,GzG26UQosGoKpQngDcKAhg1yMfKDe1PtUtTLJqf5MpN5,5WArnEP9ag9AE3HPe3DxaRdkmHxvx2yjVZDApMp9oXx7CcBqhKeADjgL7VqZw4cmpcYztFeiDjrEbkzo48363pL2
participant_8,participant_8@email.com,normal,DLGw99mUvWcDDixvSHKGRFXP6Noqj9JtCjD4bpZ9renC,D4PQ2Aqkjsd6pivSHFbWiYU5tjmibjF5MYNrehPf6By8yNkJDz2hyGQNhCjYLjcSqYJ6AvgpYi4W9oGDwiu3Azk
participant_9,participant_9@email.com,normal,ABZPrayUygyqDgu8DCrorVfEofEnH1hSU1GYGhkdB8nR,4meScx6i3bgcTrXm1twBtzCp6Kikixgj9hjZ2eZ3m17R4WZzn3pUHTVCsjm359FT91H6Vhs6ZTFRYgiNki8H1tMw
participant_10,participant_10@email.com,normal,7c4p2te5CqfxHQay92LpNnL8SjjN2sqjCk92Kz9KZrq4,61CWheyR2czrpQTHeBJdUYNzJUbJXyfMk2UWdYZZLBk3sayLbYiSkWgXhSKEpb4fUHKJJCac9iFZbdRPNN4pYSTz
participant_11,participant_11@email.com,normal,4fbSsf6QaZ6opj5Lagmo296uefjxtgBwDA46f2S5dv76,4CWB8b6op2tmATfxBbHNML9EDdQHJGFxBRE4Aeo8WWHF5vX9EzSkaf7hUFrzu2Fben799BoPxdwDF57vuKh3gYTM
participant_12,participant_12@email.com,normal,2DW4e6pyViKrAeJJVHbAgNwk5PuaNPTR54e8fZKBS2MC,4hFmp65ciHjnt8Xbo1W4J7KTrQoW7vFSCpeJv9g5auS9ZLBEYCYaTKc785jCFUXmM7i98gQTAqf2htTE1BqXjfN
participant_13,participant_13@email.com,normal,33fSn54Q31krhaxitttP3kyLLAU1w9VL7Ky6QF5xFjg8,5VJAL5zZqS39KwPA8GczmNev5SFkY5Ko6vefnncXMoJ4k7urLRCBeSGtAiAsTZQWBc3cQSmVJKsEVJMS2AWVhQgS
participant_14,participant_14@email.com,normal,6ZcnugBCMyL8P3dEPvERNAF7H7vjq86n1aoUnN6E2uYE,2dnhPJFBsLux8jRxkjruZUvJ8PoASuCWLWdQutpY7syz7GymNbE8gRKvfJuHpz3cR3HLzquHGNkGrRnFdMuY3Rud
participant_15,participant_15@email.com,normal,CXTj7L92Rgz3FHWQa6MNe78D1tZL7g5SqQTpBg46VtKb,2zxf1poFdeuSzQGewF8DsXSqN1NGypZrAXrKGe8EKN91ptQSEgpQs2AgSpUeHoQ8gcSQRwuLawdohQTXWZ9hHSPD
participant_16,participant_16@email.com,normal,7iUqhx5zmG4S8ncfVWB1uLPBTvwxYGHCUU5X4XyoLNLe,wH5wEy9SukNa9NAxRnUWHwoLw8s7ryLPCE27seE4RCZT4daybFt7Kr2ffz6fp4D1VsuaEhM8JyU6Kek8AfU96z1
participant_17,participant_17@email.com,normal,3RqeUAXFcKQ2mSZPJNRjVvb8j4u7GJqNFsKpfRmbdZaW,3mcbPEB5gVsbDTNtZP882odGedsgke9c4k3M4iRM8Vcp5BmN4k5S7BwLktT9DYpFf8Zt5Cp28a6AaYqfkGrNYoVp
participant_18,participant_18@email.com,normal,FMidfEM7e7tKvugbzHTQhoJdV2gd44eD4d9UM19oy53N,52c8AMvqK6Nvumr3bnVDDCiTQy6Di8BFm2pDjvMe79JRQCZpSTuGXYCUV4fD54pFJrGqKfknfQZ1bSZqk9kw5gAW
participant_19,participant_19@email.com,normal,DZaVZ4nMeqgPNeQPbGknHnBkFV5bf4QjF1iyxFgghMAC,3otEfdi5TkWaHf33vsU246suCGPXEifP9eEUurH6tUhDYgfvP5QT1vkDmXx7JiSm6M2924pdv4wFevTkFdFqRLbb
participant_20,participant_20@email.com,normal,FTjky92AmfvLu5jfuRgQZkh2Lj8P8hEpdZbGKx5195cN,4dawVBe7WARecN3oSAJr7wFj6aSPncyXHGqBtc48GwPpJdFA3EyynnxzpxusbkiXQs9SaSusrqfriodSF71JeaEZ
participant_21,participant_21@email.com,normal,2wJDuL6g7qj3hRpUNeePJQ6N7EKJHSwJ5m8QZ2pb3Vyj,3kqdrE6RtpfNpL8NfqH3gU5cQKFieh8zfuhDodtb42NVc5cJnKpUajGRGTtWaZGiREXKWgbefPSGirD4D9jTANN5
participant_22,participant_22@email.com,normal,2SiZVd1FKvPKGPK3G4FgZHg9mMKpnBk7omqAYZDJsqqx,5EX2LKNCGv3oK1SXS8Agq6GiuhV61WY9xKLrzVyGYuSKsmZzMAj8G2dcExL3xBvMzHNxQbzo35FeDapGnpXVwYC2
participant_23,participant_23@email.com,normal,BtyBsuNTsUCNBw3zx7qSL1Bvq1ZmkN4UkSDfK1bUfSsV,4JSD8dcV5mPq1WP4wDbanXZVBNtb5VmjjN1f7WbnhG6FyLYMvCaZP7vJ2iPTeKvq92o5QZ27iYdF4oVL8b3rdjdD
participant_24,participant_24@email.com,normal,552xUiQUAicJgqFKRWZavgNem8csVGeNo4z5nHtCvRKA,2P4KUZkbXR1nnQAyijNK3ba6uMePvmiDB1Smy3jUiN3uont6oUuoFMNYi5kxf77sm4iz6oMut4A8PExodxx1Qaat
participant_25,participant_25@email.com,normal,7j27cbtwEFjDoeS8EpY3jHVTyTSzMxKhkk1dxshNUrHk,635TcSPXxrvG36FrNiXyCBDpYMMKXjh3YL6DXjqQVuqkHFGVZ7r7wsoLEQGX4AT25XDbp43crJevwjDfhoEAsaVK
participant_26,participant_26@email.com,normal,8N2DuosbnR2DKLYcyPVd3HPQJ9keKfMC7qMkGXDZojzP,cWMrQyCcFs6cyUcoKdAYfjfPGLtKu33qEhLRFrpDEXNMEJnWA2LqcX7HGJXfm6E3iMhnJbh2GtA4yaNWM7yDR9z
participant_27,participant_27@email.com,normal,ER77XsFWu1cqqqYHiWZAH6op5pAK1v9qSCT2xUtvcd3V,4Jnq8uEEM3w4CTY5vqV9kv66DrqmctVuHXgGbbyFRoJduk4TaK4X1GxT61kKHgC5vsSE5SxwdPYwYA6kpEFtLsV8
participant_28,participant_28@email.com,normal,cnZFzAT9tgW2R9sHuyh3cDij9VW6NkSAGZX2727Hb4c,5rXavzEuqgYfmNVhkx4QbRYxCw6LEbwKgW8azRsUYvqZ6Xw7G6Cy5wLZaz6ce4hEkGTx34boYbru8GFVvM43bpjJ
participant_29,participant_29@email.com,normal,6nbfUiAgDJahC6YCPigSCvo8WVAtBHg1V9jCarW9cbNW,4H2kPbNfRKo7qw7uyPnRqXovi5Mosa97HHoNsXYRZGxWqrxTSrjKEJePCveR792xLdUg1v1zfNwUGvwZkrLKvGuc
participant_30,participant_30@email.com,normal,Grk9DsTXsq8tYuHoV3wAATZYxiYfgftqFKKms2VGL37c,zqS3uk15CFFzvq2sKUqChET3bk1GFjdHsnkiNTRNxPL8m11KAGUurduCh6b9KMNywvCZ7ppvgtni45ux3xoKQbE
participant_31,participant_31@email.com,normal,FCpKczdPPn1vvaZUypyvm9avRDjbeH9DB5RbDttFc27L,3KSdYutdrDp6JEktEpfTx2ke8GiJdfVKN614rW2xf4FeW5a153K22HiiKA8M2y1GgYp8JXipMUfrTFWBfqBwbsv8
participant_32,participant_32@email.com,normal,6H9rempjvtkMcwM4PHz4th9XxMWABJiycxG8R94Hoyzt,24KAjpRkxCHRem53GH3ZthM75vC2ZyHCC2VBRC9BFrQUJgTERXZjeLb4YLbCfPkmmPqrnohseStKjqv7NxjEsTFD
participant_33,participant_33@email.com,normal,7yvHuG2WTGat9rFkbNno6TQUDKPJk8wByg3EstH6zeeu,4tQjr1QkbPwc8Ug5rZ86bwrPK92wjWEyGVhPLrtuWK3SdhSyEqbYKr2cqSkmFqdgNV7ffH1b8fznK6HqFMZvzeMJ
participant_34,participant_34@email.com,normal,6j6asXEBNMwKuZ3y16LyjkHtgWD8uW94NqfRY9EA7fE1,4bWGxUTCgEYxaRiB4UYXsxw9sEYChtTfRoE2mL46uHnyAVYMvfvdSV9sjvDBRxmpkAZTyEyRaMgrLF9zvA284f2s
participant_35,participant_35@email.com,normal,F5Ber9qa38DDCjAbGrZ9qMDdg6Y4mQTrJZiRqLFEGsCa,nvMNZtK2KXsz7RiuTYCCacdBzoG15QvdJwjfdRoyiRyoRV9DXRqe7K6xGtABt56fN3VLu4xXTq3JJKLhKUag22b
participant_36,participant_36@email.com,normal,G3yX9ypPZTxri1PhzzwGVFyQBzqxuWHp3XS5t2JetxNZ,5qGEXa1J1411CuS8GGcBJeXEDyb5S8oGtNNMps2F9hu3jZstycdqxebe7F2zLxyZJfZvqA33MRNs8c5Lw6CTPUv5
participant_37,participant_37@email.com,normal,ChsusKSbaXqfojMEUmXP71GHBVjvkgzX4waveaUhfstk,3jtpGY7PNUNnXdpJFfoKTZCZZBF3Rs1jfkL81rYSirgn4nxwhdcBsBxSVo7GXQw8VnMfS1H846YdHRGBRkSdc5e
participant_38,participant_38@email.com,normal,5nPBR32gaWhxWBYuzKsKfME1KrpmY96boEtGbgYe5Axq,3gzF1TJBAHquyQ9hEMyDZH7RmqwfTQb3LCL8pgqFoyRVpZ3ZYv8ik1pzmc4Xyc46SD3wzP61ToWZ2UUSZGZRBe16
participant_39,participant_39@email.com,normal,Fct4CCmxbFe6QrkVyFAMseu4K1k7b82c93RVLx2EKFY8,49MHcCopr8mazF49kEwRX6t1Rtxsotu3F4Q2SS73VawfLvzUH64L7PdsFEn4pn1rWvRd3NsL3fiipAYmry68xj7W
participant_40,participant_40@email.com,normal,3mi28NAGeCAsrL658MTR6vTrUyTQW25ppgny6RyUAYMA,3sBMPL7mMwDY3QQfbbGNKGmVHpBjjjLGuGFRtUyTnPZxN1ntmnToDJcmbo7U1gPxTocAWrs9xD6ho7b2ZiXnTNKU
participant_41,participant_41@email.com,normal,FigizzBmyrQguM4bfmWVzwGWA2ZNC8oCFeZTGzrikrdH,5A5HPXERYxDnMfQASduHeGD9ntJL414LNPTgnGtugCFEbJHNkQUtDPm6tLqFFwCb5vDbwKKJTM19wkEcTfEdf6aE
participant_42,participant_42@email.com,normal,4ZT2Nf2sbU1p6m9Xqcp8vHZDyisvj6EK1YfhgbP8qkiG,Ja9EGAPiyv2Ha7ygVLyxmzJSgywaUNYaoibCfM61QbbFwYxeaPHqGq62Kidn8Jus7owqgDsXtEmTCBS93zXME1R
participant_43,participant_43@email.com,normal,J3RNc6qhScDYeVoyvo8z6Lt4kghofiMRx7oTzFSHJgnn,QRrgXxboCKtiJRFank8kuM88AttY6xHowyGnS9KTGqM8VQJFv4a3nKv3UgTRNGHFSBPQRNH1eGfiqYFfM3UCehQ
participant_44,participant_44@email.com,normal,DGvkKeNLpgfKzLMFqXELXpSBNYK9zDWGbnAYrzpfwfur,539yWCQrxuwgMGqfobjyz2qHbYxsYQ4w3cuR3W9UgTDLS14hzRHHtZzFrJXRHfj32oaMEC1fC2UdSVap4sdBXRbV
participant_45,participant_45@email.com,normal,7ZZ8x2QuCxP7po7hKxs7DXNESNz8nHTLsFNzjFGrwWPz,5aMsuhATdaZc4UCSQHgs2JGaRN5GRS4wh5WDEjbLkrSpKVzQ3A7eqtHFQD1X6W2JwgNy4FLTCSiXi14Y3bZExrdG
participant_46,participant_46@email.com,normal,9T1gR6Crap6HixuZSHMCHcLT4HXjTqp8ZFu6rAgJcgEi,4LJEKipKzHNdB648iPD8idGsVZTLq8PeRkoXMmspSb2Pux4vgY3Dk9DLxrrfC6EeEaXY2DyFzW818mmu4mmkWdyJ
participant_47,participant_47@email.com,normal,6h3mYLMrbTSQpStV3VT2GpDUV8dEKE97z3eR4ATymE5i,2arG1gtH57ESMrjd1ETZf9VN8T8uKFr4JZJuXvA2CVssiWc3yiFizJVEvhkgd5d98KU8qfeBMhow1mCsC9dNfG8N
participant_48,participant_48@email.com,normal,A1AKJBuno8p5ENqQYZ5jP4WcoUG9iCgymU3FKbhGhdf4,5bvWrkNZRCboW7MsSiybzrCDeAFcfJPAExp1EH4d4VFLvHgraDWx6YCj7wxWkN3SsecmdJ3w5Z588CnYGqZ1svw6
participant_49,participant_49@email.com,normal,4kWVaxvYt1AcujyNJthM6aLKThwLXr3TRm7kW41oBLaW,4JBMda2YnGboFemEEwZH28TYUzQseMKKLAz65mYUbv6pn1Zu1Jk6nNvzHFZQZCjDCqUxxmPys4nv43KT7iJXpbmv
participant_50,participant_50@email.com,normal,4JLT3d9drf446WmXGAekdFGkteVJHKYCfsmgbWFBkpS2,46M4shij1xcR1gnb9wDynaTgJZ3VqtN8JzQqxpntMvxniiBnicpmb8Gsyr679Dy8QmEAVEQYfJfxY1EgyXe6XTpY
participant_51,participant_51@email.com,normal,B957GCXgk9RScqRhKhN6KxMqEfrsERHJdeqddHMF2sKP,56SVyvRgiRL2fcDGmcCCezJo2kEcq8gsd4bYo3eH4BEBQbXaFDRH47Dij5vdtb9v7sTDhHkKSrYnEa39vqdoRe1t
participant_52,participant_52@email.com,normal,6uuhKjLv3oEUg6at1KGCocX8vy1S9iBdKgfauA44eNmC,31ijW1X7tbR6i1SMrkhjBjhCKQe6NKzG4d9fpNJuZtSp1fKFJC9peZgatuYyGH3bAUB6XrfSvgYRTwnT1S1BZ7Fj
participant_53,participant_53@email.com,normal,ATMioa8Vm7K2vmtxTA1Jg82S7iysqrzfPcpWJ9pMaib1,mUU7WVvDrPR7JRwFMYAyZAJ31Tb92QjGVf4BJm12KTj9oynV9nHUmJYuboSwegkuCHsMY7ufKWGWVBS5bnwRC8c
participant_54,participant_54@email.com,normal,EKPh7pPC5fEBsi67joVs5t95pxxCTeHwVDF5cU6Moss2,3JoQ6A53GrynUWLTPUr22jmgw3NVCy22y6TB1ygzZBFxtzxoYQf7GYR8FeHnqH7Mp93FZrUjFqJVRxUZH63cFRk6
participant_55,participant_55@email.com,normal,892gwvg14bifjGSDvcggAaSkGfDXJkbuWL13fRCXMPiB,3LVkYAWnaqvPcUgdqo7kY89VKGvYTNVaTFX8qRtNf2cFjjZ2qEGtqMGY5htC9NkN5Kiq6jyQGn9Qdbj3MumBq1sJ
participant_56,participant_56@email.com,normal,HF4Cpv5AsbdKZ2CDnN7twXV82hERnL6xsfmQUK7nbUqE,3CYwy4bAQM8CySjjPE1Q9GcN31FP5At42rrLcentKH6Z76HnhnaKM1b5kkQehJDQtRk1p3mXfERzXZYaCFbZBDeY
participant_57,participant_57@email.com,normal,9UGCQV1eEovLq1rJDkuBRAHaP3FQCN9rkWDpfnsAJmH6,28j5KQv37zPgTutgVroD86So1h27125ztsd93o4cwLWjeUwSJQ4pV6zeSSgQX3pLJig46Yyjtg7gqxnhVT9jbnhn
participant_58,participant_58@email.com,normal,9PQGhhGXLHwbkVr9eGE9HzY8pFbbGXGZafCcZZuZMaAK,2KvtdgzM5UrhycPZD9pHiZkKzoycEXBfKWHr5azMjTBwT37sDgRSiX7a5ieq5s1ju3rftt5f5ikthQQCrShwbaJK
participant_59,participant_59@email.com,normal,BR8TSyyPMsy6KyHnW4Hy4CyyRzn1K1QrQTWpGNGiPNtK,KVRnn2y1R6Kzi9F8cfcfovcaZaJRbWqSo82LARFqNTAtjWoZibhsVsMT4GQ7nVFbrtoE1tPUbXX4xhAM7NfQree
participant_60,participant_60@email.com,normal,9G6WESdGfYhQBJvr3CTGyAc8NVAKi7NYe7D92nZRGP5K,4XZHfxSr9ErNXPNWoY4TwMkLSrkta8Ea6yuu8bpxXs8sSC29kpFRdMyWm296eE7C1rxWNk3tQPBjc99NMuQyQJPk
participant_61,participant_61@email.com,normal,8tDC5tSRf3kC98FDEz1fQvCmaZ71Vo4vNdutx3FJVEE7,2MWsSNsqfQrE4UyTJ4Z9T1qQzJTMw62cnE92nMfapg8XP5wvNwvvc6cFQUNU4uB2Jo5mzAjbeBqC8cXGNQ2Pmwdn
participant_62,participant_62@email.com,normal,3q3Yh888aTx6rMYzHBFkcaaJRvwii4nqBT91ujszU8FB,61zdk2C4kdb3bCWCP2ta6C192WTgE89ADT2y5BCnA3rSVo4So2vuqeoi21uy4Qvp7MYVGu6Jqbsuyg7UDHfkpu9
participant_63,participant_63@email.com,normal,LNGym97v3LrMVQHjSggdbMJ5KKmPEdsdtMGqFL8yhtn,49v3KqXzFPWhS9L3PeCZ2wcy5wi7ZGsL1j7aX26YgU3Lhzvzpp3t3G9Pj3iKM5GSum1GZKqtkaCDULZCa366k9pT
participant_64,participant_64@email.com,normal,Att6hsxLhsFZz7Scrx5d3rmSGdi2V9iSvPuMbf7t6mJK,4JXhd9MRs6zqvq2tVV9ayqcBLgCxD74ony3cqohXGzGzBTzZJSNGybVJUgMeDJSsPsB2cdzmvKvZu8quVpWyBCGb
participant_65,participant_65@email.com,normal,8wJppShyLrqoLzDsdybgggDG4DkHHQ83LhVSTvVrZMBb,33MLF9qwtixx4Wtb2zoff4X5D9vGveCw5FLuivt7nPwM4RVCBgc9UQZz1F38LMUJASw9ztxniTSP7EfMKz2aAXo9
participant_66,participant_66@email.com,normal,ABamNFqoUpvu3MBhBKa88YW8ooQEtHUFES9zQNduSPG9,uQdCKfDQX2hYuPBMDKNE5SiGNCE2eL2VHLRR9HHaL8pjfaQbJYh4WFek9mgWhmy5BQSxkTay3VTh7prCXm37Lfk
participant_67,participant_67@email.com,normal,3Ji1WNQbqqvtpB4yRYCNyy6zgVcRs8x9GVJv9NNZ5iCQ,4eFAkyPzyo1M9h2C5bZSXqbtLPMAsYuQHvscatHMV46YxydcQPagctxLEhfHdvJKMVbJwCLJtNuzqb6Rm13v5711
participant_68,participant_68@email.com,normal,5MR3rXZ1CDPXGsCcYtuLqTFFhKNMecgCZcAwUBsyzW8v,5QYG71ZCxEgmrVpjS6sDkRonNZ5G8GdRNTtNj3BLnsv4nsNyeKRvSpFpikr6yWi1wwwdpVbUvVZfSqhTdR1cGvPA
participant_69,participant_69@email.com,normal,BwzhBfGSXcMs5pfZABXpJQoh6LBKnMTvqZVgkWVwdhMn,2bFyxeAHt6qrE6k61zfFDkdmBAZHvfd9YtLBHNALDaGpEhYHyk3Q9f9HeJ47bEpZrbivVwTs2LbNu7URCnARcTqo
participant_70,participant_70@email.com,normal,HaxwcxBZrVTkvKMwRf2NmjoJxCZRhCrU5mpMo2pQobKK,3m4M4Wrj1FAtX2wJAYJJFhFbnbkkT48ngRpLsn7YjeKEa8X2sW3u4oeyXusA7N8qjbsHG27x8XmDRv5sdBQBiS3b
participant_71,participant_71@email.com,normal,8yoWXsqAq5xA4BDtmLW2LtZkxHRzArGMyXFBmBoa2fc,3zC25ythfejyc45JikuXYWeJDo92zXfjZEtWvG7ar17jXGV695z9YADvWHRYcxXWUkpijMk3jdPn1sxy2SweVe3m
participant_72,participant_72@email.com,normal,8DXGYmXfWoW6XLWGCDrJQM4EXLbZFzu3aHjg3EhnoLSV,3GkxddePwk7qSXWdbAVcwFJtrm5HqGoZZorGWuqXkLjcXVvN6Nk3QTeQZEip7wxwqcEgPzRf4pbWeRdm8E6w5inq
participant_73,participant_73@email.com,normal,J8tHWrvmLgfWjECciBvRKuh6LJzJzvDuuipCgs27Nbnm,jC1e9FgrR7mxaiA76DFbg2WGMBtTP1ZBhqVrSzAv7nvyYFYhUXTZtQymuGDHLaYewmjrJUKhYbpmyDZ9Xr1heoF
participant_74,participant_74@email.com,normal,64zEoFiXrud33ETXhbEVfJsSwtSfT4H3hfDy7KLrQEHs,2gsT7TG3fsvjsDxf5McbKwtaUc2XZSxj22WoyceNPdJikAo38CEAENEzFArjCvnVGHWQDhrWfHgdSwbjBZKSJUD7
participant_75,participant_75@email.com,normal,GUYBC3pB1u4vjeFLNTAbEb1FoRhxiA95NCYNVX8Gorzn,Y9JMc6ndzjvBRzA3yFRSwSGVNxAm7b4AFDpvgC4butaz7c9VyckNrS8vKfRSyNXPWref59DMXsUv69gV2zHENUB
participant_76,participant_76@email.com,normal,8nQLwAvT5EFoKUrJosTyBAmbLvRp2HMrJaLD5eBakdKe,4yyenBM5xWvEJ16F62w1rVHxf9A3xtJTsTCemVUsmgXr1DEJeFyVG41xwV6CxirgnggFcQjSdTYQjuyZrBb4Tag8
participant_77,participant_77@email.com,normal,F5WzQbPN2cz59xCfM79jbzp8jUqTqf8JsZ4RHeCAw9o8,3M5iKwcE7om7Q8f6mFbw2kDRsXC5oJ2BcwZAecgmQjnXM74ftcGs9Gnun9ikRY163GsK2AP7ynvMqAse9CrhXAd8
participant_78,participant_78@email.com,normal,2gDkbqujjAgxxLKmqgr2ZV8aWvkc3KhhgDk1Js8XJntd,39EbXTKSVXQ7v59zhP2DvMpw8cruZeeSaWoJz28s6EPYwxSzxhuGh6FM7BxBXASrbbZcKBHCo6Ls8vs8NQjUAYTk
participant_79,participant_79@email.com,normal,DDVu4d6LeXzboRRRj7sqZEAYAAeuBuvFBjeGGDHkRXyV,3G6Dp8RRH4HftuyMMG1E2hcKtryVp3E8TdnfBwEgUZpXfbbyTBKYyeF8aUoeCWV83XVKLcNGRp1SxfSbbqdj9gve
participant_80,participant_80@email.com,normal,4eCxmrse21W2TminDG17X3Hf2zbm7tREAdx5hXyyjM47,3muyPcujazmzJEy1qYQinPaCLyHwvtf5KkUH8D6HrbKfgiSDUuKU9jPjtET4LqHzkS3zc2CtbQ6PaQYZPV3DYQge
participant_81,participant_81@email.com,normal,FpKxD7NdVoavp8ryApeEUkZG5bX11kwS5ZPYLwWg4rXP,5rgFLimLqz4BwHmvKJdSHVeBR8sYf4FB86nX161hXWDxJDqpaLQkmWNaFdDo9GrjjoBCnmTemsdqhSbZnEDpqi7q
participant_82,participant_82@email.com,normal,76b7bpUQCMscsHGM3XXDryZzDJvRJ5TPSuRPoU3i1Ji,3qdEzLbacgGPaG9MWWWp24dXsYYpAGYHkJMjDmnE53C38pCHo8ZVrbPcD2sp1MTs3L3ddBHr8s3gw7aCaQyq95qU
participant_83,participant_83@email.com,normal,C1HrG79uzXcB1ysyacJ3UxGKrMCmKaiKK9XeP9R3RsR8,3dTEUfSBYPnWyzxv3cvi7QTPq2DvjZyJ1pn8w2pbv5QykmMGJUCvA2AWbWZBXF2Q5LhSpeh294GHajzxnemWXb7c
participant_84,participant_84@email.com,normal,AA7vF1Ps4akkjWJEQYJxvrc4YUV5NggpZ2i3iWWpmotM,48g2bFj4hHh9etxzY86Hyg5tsf4iLVfBf1pMHqnAka8ttHHwCfYm8fJNCGcMR7r2AkRZsL8VmpyHbVdKqXYACTw4
participant_85,participant_85@email.com,normal,EriQrehBNVS3Frfx2a9kXPHzbo3V3XDWH1UNvqiQsB3r,2z7yzGxeRkZuL4ydp6dtcFe1VRqdG4Kzoq6shbXQaDzprzP2XxmRknrQUE8GNTPYEw2dGGq1dY1MBcVymcnBrUvP
participant_86,participant_86@email.com,normal,4LLykiCQ29WWxYVUJZaUMfMTLTpuX8gGc3mymxKeWMWJ,36iJ3V3JL1pSnsbdBsZH3yp861kEuL4Pw39xYSwgb8YM4hcHXKuW7kugFUJ1HLmYj49ghmQjAqu1jMKoibuDpevv
participant_87,participant_87@email.com,normal,Av7fzmzJ1T3JvGCxpej2ev562WkLSKWWR5Yg8Lgqycnp,2AsryXPPmNkkPSYUK9Jn9e6ciw3Y5dPJ5LY2jEi9ttyfbmG8sF91R6K8FzdBsgpnCMgcgQSpD8H79qJTHQ8SZ2Ah
participant_88,participant_88@email.com,normal,HUoxf8ig3EygL1Qd7nHD4mkjrumiKJky7Uv28DuoxZgv,5twoapecYywHBtVA1TFVVuDNfHApRwg6g2Hry2MjhfU2ZezByyeSe2ZTwqgh37RVnZMCb4bTEbFpiNzvGNNq2W9T
participant_89,participant_89@email.com,normal,FBDbmQJU5HMEVifj3YgztT5urMBi6fLyTUdXmQW5dcLC,4Roeyw2Nid7kcJNJoCWc5ysVxU1PeVD4H1UH8YVjRTGHg1eurrLZ6X2XaiWH6j8WGbE4tgyYssgAgrCT1VJAw2Kn
participant_90,participant_90@email.com,normal,FifwLUMsU9sNjZKkXZthLFiaqVqzTEexgtgBHk6uWy5w,2fbF1ExiF2BuvWoMUgTQwr9q2mwF4iPUeN15hswfUBv3ahbegrBzdkLQtmyor6ahyUfardAztuQsAYvgNt2ijDwP
participant_91,participant_91@email.com,normal,EiFu6aEZJ91JTm9kpfcfv1YVa2X5SjfkPfxR935zkbgQ,5yrjGko9MwwArpt1daPy7qKNaSbyLftsTXrhDokzuJ3BNKAPFSGY5iY9BBWCLjJzKQK5mdo5mrY2ZbJwc6F3wxdH
participant_92,participant_92@email.com,normal,8LCPydTdhLSE9Qt8eK5h2RazSMnrAMBMLpVm2uaSSuq3,BGRnuHYcmmvxi2dFQsbozA4U2p5v25j8pH2VwzNu4U3crLgs5MwMF6VGYkzpFLc6srqw6CQD9x6rFFoAUMZrrD3
participant_93,participant_93@email.com,normal,Dk8SBXfqYUcvm7UK9q1yxisp5iSLfWLTQsTocWMJDTHJ,5zCtwn85hC4DamQjvmJaTtM4ZftPvWQZoD7fHLaQJbsfLSeQ9aRLAD15VJNxyp3Fnc6uKqiSF71C8QDVzLFHQ2FW
participant_94,participant_94@email.com,normal,BKWzMAHv4XJmqS2enA83A1rWcM9pRavoymt37PKpQKs2,3VaBBnxWdqnpgCnVuebjgAx5mxkeVBftrKuGVT56gJQ5cEBfd8dujATy63LUwfTGVvQHUpQdcgzNhYXGjVottgWG
participant_95,participant_95@email.com,normal,2siB3zV4ap6Cu9E5Cm2Hj1rUfpWx4HrT66S3eGvZorBx,Sj8tvkqred66sy3399uNaARZ3V8yjAYsd51Tq1fK5BEDXsxQD8owK9JCUVr9chSdULft8norwdpGSn4fbbg7ZZp
participant_96,participant_96@email.com,normal,J7ht49ygZxUPTufaEW19F4Vtb3SMhSy1VxKYDbyGtubz,ppv9Mqi5EkauA5P5s715V11nqwC7TdMw61HqnQMMM9brWedWC4JuhiaUx43GVB5y11Kh8Kn2z6swVYxe6KLjthJ
participant_97,participant_97@email.com,normal,2G2yNsk2XR6SVBjGkK8uQuzzwo1pg4TGWCBFBc7FQhe5,3AmWpRRDMaghsik1xyVFwNGv7cHg6Ko9hMpRGb2BoCYWBmjaPTyfGodr84oHV6aJ2HhKBCeunQTYnvA7HP4dfxjv
participant_98,participant_98@email.com,normal,7P1TxWniMVa2Nb14whPZU2REXkXAsqbvFzyHNsXdWu7V,47DNRTCf2m4uE1dTwNpVXWf7giyyHfN1Dqogiz1vT3rvY8VcgsVV8U2Rs9UbskA5k7KaEw96gBcJWc18QhzS9iL4
participant_99,participant_99@email.com,normal,5b4gV17YBqSLrvXoNYYPrthz8wtC4aeJWDyfHJ9ZMHCT,4hwJ1UJF21K5aY9iVPMTRBREwtLV6Njapyj9MH8HfKmVkrpNgd4vrSQpUdwPxgd5R7ArCDPxPQJwYxMjRYcVffFt
